{
  "version": "v5_asymmetric_loss",
  "model_algorithm": "CatBoost with Quantile Loss (alpha=0.60)",
  "training_date": "2026-02-07",
  "num_features": 69,
  "training_size": 65608,
  "test_size": 16403,
  "loss_function": "Quantile:alpha=0.60",
  "sample_weighting": "demand_based + temporal",
  "metrics": {
    "item_count": {
      "mae": 3.25771956712195,
      "rmse": 4.961512552016776,
      "r2": 0.6459078450150868,
      "bias": 0.12190631978977345
    },
    "order_count": {
      "mae": 2.1378519164684255,
      "r2": 0.5297721492310798,
      "bias": -0.04559501352948173
    }
  }
}